{"stats":{"minecraft:custom":{"minecraft:time_since_rest":5920,"minecraft:play_one_minute":5920,"minecraft:sprint_one_cm":6721,"minecraft:damage_taken":50,"minecraft:walk_one_cm":7242,"minecraft:mob_kills":1,"minecraft:jump":47,"minecraft:damage_dealt":60,"minecraft:time_since_death":5920,"minecraft:walk_on_water_one_cm":1096,"minecraft:interact_with_crafting_table":2,"minecraft:fall_one_cm":1254,"minecraft:fly_one_cm":4848},"minecraft:crafted":{"minecraft:birch_planks":28,"minecraft:stick":4,"minecraft:wooden_pickaxe":1,"minecraft:wooden_axe":1},"minecraft:mined":{"minecraft:oak_log":5,"minecraft:sand":13,"minecraft:birch_log":13},"minecraft:killed":{"minecraft:chicken":1},"minecraft:used":{"minecraft:wooden_axe":12},"minecraft:picked_up":{"minecraft:wooden_axe":1,"minecraft:birch_log":13,"minecraft:chicken":1,"minecraft:sand":13,"minecraft:oak_log":5}},"DataVersion":2586}