{"stats":{"minecraft:used":{"minecraft:cooked_porkchop":2},"minecraft:custom":{"minecraft:jump":109,"minecraft:time_since_rest":10109,"minecraft:crouch_one_cm":941,"minecraft:play_one_minute":10109,"minecraft:leave_game":3,"minecraft:sprint_one_cm":6627,"minecraft:damage_taken":90,"minecraft:time_since_death":10109,"minecraft:walk_one_cm":5116,"minecraft:sneak_time":409,"minecraft:climb_one_cm":4433,"minecraft:fall_one_cm":4090,"minecraft:fly_one_cm":10872},"minecraft:mined":{"minecraft:grass":1}},"DataVersion":2586}