{"stats":{"minecraft:mined":{"minecraft:oak_leaves":1},"minecraft:dropped":{"minecraft:stone_sword":1,"minecraft:stone_axe":1,"minecraft:apple":1,"minecraft:stone_pickaxe":1,"minecraft:stone_shovel":1},"minecraft:custom":{"minecraft:jump":48,"minecraft:time_since_rest":3971,"minecraft:deaths":1,"minecraft:play_one_minute":6913,"minecraft:damage_taken":1020,"minecraft:leave_game":3,"minecraft:sprint_one_cm":5870,"minecraft:walk_one_cm":2360,"minecraft:time_since_death":3938,"minecraft:sneak_time":13,"minecraft:swim_one_cm":125,"minecraft:fly_one_cm":7690,"minecraft:fall_one_cm":4804,"minecraft:drop":5},"minecraft:picked_up":{"minecraft:apple":1}},"DataVersion":2586}