{"stats":{"minecraft:custom":{"minecraft:time_since_rest":5727,"minecraft:play_one_minute":5727,"minecraft:crouch_one_cm":3,"minecraft:sprint_one_cm":11339,"minecraft:damage_taken":20,"minecraft:walk_one_cm":9132,"minecraft:sneak_time":8,"minecraft:drop":1,"minecraft:jump":64,"minecraft:damage_dealt":50,"minecraft:time_since_death":5727,"minecraft:walk_on_water_one_cm":83,"minecraft:interact_with_crafting_table":2,"minecraft:fall_one_cm":1790,"minecraft:fly_one_cm":12310},"minecraft:crafted":{"minecraft:stone_sword":1,"minecraft:furnace":1,"minecraft:oak_planks":24,"minecraft:stone_axe":1,"minecraft:crafting_table":1,"minecraft:stick":8,"minecraft:wooden_pickaxe":1,"minecraft:stone_pickaxe":1},"minecraft:dropped":{"minecraft:wooden_pickaxe":1},"minecraft:mined":{"minecraft:grass":1,"minecraft:oak_log":11,"minecraft:stone":18,"minecraft:oak_leaves":2},"minecraft:used":{"minecraft:stone_axe":5,"minecraft:crafting_table":1,"minecraft:wooden_pickaxe":18},"minecraft:picked_up":{"minecraft:oak_log":11,"minecraft:cobblestone":18}},"DataVersion":2586}